age,income,education,employment_years,credit_score,loan_amount,loan_term,debt_to_income,has_default_history,num_credit_lines,loan_approved
56,34388.0,High School,19.0,436.0,71983,36,0.16818516373378292,0,0,0
69,25569.0,Bachelor,20.0,727.0,24583,48,0.46400612889809867,0,8,0
46,89836.0,High School,39.0,751.0,27765,12,0.5065738275839925,0,10,1
32,124573.0,Master,30.0,440.0,64287,60,0.22873948807186242,0,7,0
60,187658.0,Master,35.0,382.0,28906,24,0.4872097473031517,0,4,1
25,163087.0,PhD,10.0,476.0,90103,48,0.29277678220065695,0,4,1
38,,High School,14.0,497.0,84675,36,0.35334289542700137,0,8,1
56,157326.0,Bachelor,18.0,720.0,51525,12,0.5280005374465764,0,2,1
36,168216.0,PhD,6.0,700.0,43230,24,0.47497684090120396,0,2,1
40,175286.0,PhD,,770.0,24520,12,0.5025584256580888,0,6,1
28,157162.0,PhD,4.0,517.0,90238,60,0.1684225832931784,0,8,1
28,162709.0,Bachelor,4.0,474.0,56934,36,0.13485971291686474,0,5,1
41,173487.0,PhD,29.0,322.0,30566,12,0.5467023645439936,0,13,0
70,44071.0,Bachelor,31.0,534.0,78193,48,0.29391713478554715,1,1,0
53,78243.0,PhD,,312.0,35134,36,0.24393983903484043,0,0,1
57,145827.0,Bachelor,9.0,400.0,15345,48,0.4623481271309122,1,1,0
41,128215.0,Master,37.0,835.0,46185,12,0.5182077982899284,1,13,1
20,192312.0,Master,31.0,822.0,97949,36,0.5312448109491504,0,13,1
39,121570.0,Master,27.0,751.0,75744,48,0.25799857056261366,0,0,1
70,184506.0,Master,16.0,730.0,38455,60,0.526106195600837,0,9,0
19,89724.0,Master,30.0,832.0,33018,60,0.1204669721871727,1,9,1
41,135359.0,PhD,7.0,,59219,12,0.12483074572985944,0,8,0
61,95697.0,PhD,39.0,400.0,50991,36,0.41175959758707725,0,14,1
47,48732.0,PhD,24.0,801.0,78616,24,0.13155318455777312,0,9,1
55,141465.0,Bachelor,8.0,603.0,92438,36,0.26230458425508074,0,14,1
19,162386.0,Bachelor,1.0,839.0,14486,60,0.43637799312346204,0,11,0
38,175026.0,Bachelor,14.0,654.0,43862,48,0.2686334480271132,0,13,1
50,77108.0,Bachelor,2.0,602.0,63870,24,0.18979989072004796,0,12,0
29,131195.0,Master,35.0,795.0,91694,12,0.24067531092692082,0,7,1
39,,Master,3.0,526.0,48856,24,0.3287876661252159,0,14,1
61,56668.0,Master,13.0,535.0,91055,12,0.3376929276777412,0,6,1
42,43061.0,High School,24.0,754.0,36379,24,0.49150011567360097,0,14,0
66,99252.0,PhD,9.0,312.0,69729,12,0.47507661471575624,0,2,0
44,59749.0,Bachelor,20.0,509.0,33378,12,0.3284089022780676,0,7,0
59,150560.0,Bachelor,35.0,696.0,59353,24,0.5228336745493857,0,1,1
45,124680.0,Master,11.0,399.0,54996,24,0.15711856929569792,0,1,1
33,167979.0,Bachelor,26.0,330.0,19031,12,0.22767667511445075,0,10,1
32,169849.0,Bachelor,39.0,827.0,85072,60,0.5139882317511257,0,9,1
64,71745.0,PhD,1.0,628.0,70982,24,0.28899701931307653,0,2,1
68,128464.0,Master,12.0,465.0,41683,36,0.5905907793969211,0,6,1
61,111865.0,PhD,31.0,758.0,22618,48,0.33312664076391774,0,0,1
72,132428.0,High School,30.0,399.0,11587,12,0.49596781148188207,0,7,1
69,43624.0,High School,15.0,472.0,67790,12,0.30115352069118595,0,11,0
74,43321.0,High School,31.0,461.0,36480,48,0.31247675953121523,0,6,0
20,161560.0,Master,31.0,562.0,25527,60,0.2914415736420918,0,3,1
54,,Bachelor,33.0,573.0,28569,48,0.45953781025540585,1,13,0
68,156312.0,Master,10.0,302.0,16151,24,0.37375894202999727,1,14,0
24,194293.0,Master,9.0,327.0,76094,48,0.5718890556841846,0,4,1
38,161550.0,Bachelor,14.0,625.0,64174,12,0.2254451582670524,0,9,1
26,170334.0,PhD,16.0,448.0,49739,48,0.15028136604172218,0,12,0
56,138831.0,High School,39.0,839.0,37954,36,0.29663074254960764,0,0,1
35,155504.0,PhD,17.0,787.0,40303,24,0.408356353823388,0,3,0
21,115257.0,High School,8.0,737.0,39700,48,0.5303994684577475,0,14,0
42,84291.0,Master,24.0,364.0,98036,12,0.27309844334016387,0,0,1
31,147600.0,High School,39.0,655.0,72568,24,0.42689337556223084,0,0,1
67,70428.0,Master,13.0,832.0,71788,12,0.27509934051160956,0,9,1
26,,PhD,24.0,551.0,76045,60,0.4086097914972291,0,0,0
43,151127.0,Master,21.0,534.0,42842,36,0.5424039735153254,0,6,1
70,131317.0,PhD,29.0,526.0,18900,60,0.21567882112970452,0,6,1
19,159789.0,Bachelor,19.0,824.0,85059,36,0.30212082105351956,0,3,1
37,147449.0,Bachelor,20.0,612.0,6881,48,0.5966325982148732,0,14,1
45,48699.0,Bachelor,31.0,348.0,38037,24,0.5342785141247304,0,12,0
64,93686.0,Master,20.0,417.0,6630,48,0.38231992894810096,0,11,1
24,87661.0,Bachelor,34.0,353.0,25789,36,0.35831379592713763,0,1,0
61,64247.0,High School,31.0,343.0,93059,36,0.2423001911523405,0,11,1
25,,PhD,29.0,352.0,88494,36,0.35860471384676473,0,2,1
64,125113.0,PhD,38.0,824.0,51151,12,0.5240907491399736,1,7,0
52,24621.0,High School,11.0,401.0,53920,24,0.4425872566388903,0,12,1
31,166106.0,Master,17.0,697.0,72231,48,0.2450220140889933,0,7,1
34,156198.0,Master,20.0,437.0,85357,48,0.20073196052676648,0,10,1
53,156194.0,PhD,12.0,686.0,8262,60,0.23260426849841456,0,10,1
67,38030.0,Bachelor,20.0,410.0,71981,36,0.18487960069641327,0,5,1
57,102838.0,Master,7.0,316.0,86972,36,0.14782034801185798,0,14,1
21,104717.0,Master,39.0,481.0,80485,36,0.30956808722102747,0,9,1
19,58638.0,High School,6.0,835.0,59722,48,0.15664980219913385,0,8,1
23,87067.0,High School,22.0,840.0,94499,60,0.18595627886355218,0,10,1
71,138033.0,Bachelor,,470.0,55818,12,0.37366234216974303,0,11,0
59,125977.0,Master,10.0,708.0,34932,24,0.18229963684978737,0,8,1
21,108869.0,Master,21.0,677.0,11901,12,0.13193988371545143,0,3,1
71,125186.0,High School,21.0,487.0,13597,48,0.2586944250139426,0,11,1
46,,Master,,529.0,68909,36,0.21015954931098377,0,0,1
35,186926.0,PhD,21.0,418.0,77391,24,0.3576525939971884,0,0,1
43,66271.0,High School,27.0,455.0,89214,48,0.15118354229160466,0,14,1
61,93688.0,Bachelor,,764.0,13263,48,0.4758853938414891,0,11,1
51,189590.0,High School,12.0,403.0,68293,48,0.5531167597175694,0,9,0
27,131076.0,Master,17.0,801.0,30805,24,0.4717175869780972,0,14,1
53,161339.0,Bachelor,1.0,474.0,96679,24,0.36641351870069716,0,4,0
31,21062.0,High School,28.0,720.0,16874,60,0.5303339108944426,0,13,0
48,70448.0,PhD,,433.0,98065,60,0.44745918989075373,0,12,0
65,115462.0,PhD,14.0,690.0,91402,12,0.10527556122509493,0,1,1
32,157301.0,High School,26.0,800.0,19079,24,0.2970450763872515,0,14,1
25,67915.0,PhD,30.0,332.0,54850,24,0.5254759497034001,0,5,0
31,24632.0,PhD,14.0,354.0,77779,24,0.2729294289876346,0,6,1
40,124592.0,PhD,22.0,818.0,14018,60,0.11760758676276176,1,0,0
74,154668.0,Bachelor,23.0,311.0,54500,48,0.47308981927613614,0,5,1
57,129779.0,PhD,12.0,827.0,17100,36,0.5010191351414343,0,7,1
38,157240.0,PhD,21.0,672.0,62021,60,0.18029684752165429,0,11,1
33,128099.0,PhD,36.0,783.0,24800,24,0.3686702484215906,0,4,1
62,27561.0,Bachelor,32.0,,68400,60,0.19597771949786288,0,13,1
35,102152.0,High School,2.0,606.0,97446,12,0.4596172095220734,0,11,0
64,145036.0,Master,18.0,756.0,34437,24,0.23577522758874284,1,6,1
70,144049.0,PhD,22.0,459.0,81537,12,0.258107561281665,0,9,1
41,46734.0,High School,28.0,630.0,51675,24,0.5224854268200507,0,5,1
43,157443.0,PhD,29.0,,24942,60,0.3381611761034522,0,3,1
42,46069.0,Bachelor,38.0,803.0,25862,48,0.4348772256091239,0,14,1
62,32910.0,High School,,755.0,16669,36,0.3011865253612338,0,14,1
58,93479.0,Bachelor,36.0,344.0,58772,12,0.2490034285968777,0,6,1
46,101264.0,PhD,,513.0,20916,60,0.4127390302123307,0,9,0
32,43275.0,PhD,15.0,358.0,15878,48,0.17742878703941065,0,8,0
62,92274.0,Bachelor,,494.0,7985,60,0.28649991778343153,1,9,1
18,120776.0,Master,0.0,788.0,78648,12,0.20451851869296114,0,9,1
42,68447.0,Bachelor,4.0,456.0,46235,36,0.4478974834703727,0,12,0
24,185601.0,PhD,2.0,525.0,23931,60,0.5721044191730538,1,6,0
26,146394.0,Bachelor,0.0,711.0,97876,24,0.5977554840079332,0,11,1
41,95703.0,Master,3.0,504.0,5336,48,0.3251384052207954,0,13,1
18,96090.0,Bachelor,39.0,378.0,47933,60,0.22626519481822224,0,4,1
61,,Master,34.0,423.0,89899,48,0.3214146851921621,0,6,1
25,132581.0,Master,31.0,770.0,50536,24,0.5236347049813619,0,2,1
41,23812.0,Bachelor,33.0,517.0,74504,36,0.20300283927601995,0,1,0
28,179096.0,Bachelor,24.0,815.0,56148,36,0.5760478258264619,0,10,1
68,136148.0,High School,9.0,403.0,21279,24,0.2709328843990755,0,14,0
34,,PhD,20.0,692.0,73665,48,0.5929018297251525,0,4,1
25,136421.0,Master,38.0,733.0,76386,60,0.5193044437669811,0,3,1
52,,High School,26.0,630.0,91124,24,0.5042852670736951,0,4,0
52,92303.0,Bachelor,26.0,442.0,82485,12,0.25895233688664177,0,7,1
50,178211.0,PhD,1.0,839.0,79055,48,0.10438860597396474,0,11,1
22,96125.0,High School,12.0,577.0,96911,36,0.29106645441299395,0,3,0
59,164990.0,Master,8.0,532.0,82273,24,0.25090468483134687,0,14,1
56,178518.0,High School,35.0,828.0,71670,36,0.11869849520439865,0,8,1
58,144040.0,Master,21.0,389.0,81474,48,0.3526826282529648,0,6,1
45,164118.0,Bachelor,25.0,,59028,36,0.3015156556413683,0,9,1
24,175890.0,PhD,,498.0,95022,24,0.41727823387076235,0,12,1
26,24324.0,PhD,16.0,661.0,96632,48,0.4105931610970416,0,11,1
25,96323.0,PhD,13.0,740.0,76128,12,0.16037331794834006,0,6,1
29,29111.0,Bachelor,13.0,325.0,23108,24,0.5884827730633113,0,14,1
51,189182.0,Master,33.0,324.0,57495,60,0.19346571472072346,0,12,1
50,36389.0,Bachelor,19.0,693.0,87806,24,0.3226370123823523,0,12,1
65,142177.0,PhD,10.0,806.0,98185,48,0.3440587717168675,0,7,1
72,61427.0,Bachelor,15.0,600.0,81533,24,0.5065313986070601,0,11,0
40,179818.0,Bachelor,30.0,638.0,61830,12,0.1496147980473234,0,5,0
41,142883.0,Bachelor,5.0,566.0,79640,12,0.3143221396042659,0,7,1
54,151189.0,Master,18.0,760.0,57509,60,0.41425108511810194,0,2,1
52,145808.0,High School,36.0,755.0,71406,36,0.20757781081202778,0,9,1
61,132221.0,High School,3.0,659.0,99220,48,0.4137339493830364,0,9,0
57,33234.0,Bachelor,3.0,367.0,44519,48,0.5618324187748264,1,13,0
39,73441.0,High School,19.0,711.0,54649,36,0.5987590655863375,0,0,1
44,20846.0,High School,9.0,790.0,39524,12,0.11622553839533786,0,5,1
52,30954.0,Bachelor,23.0,348.0,38885,12,0.21779411412233876,0,0,0
18,99239.0,Bachelor,34.0,401.0,49369,24,0.2551535578958487,1,8,1
52,66514.0,PhD,25.0,515.0,35676,60,0.2995630502224831,0,13,0
54,108236.0,High School,36.0,737.0,69093,60,0.2211285787923837,1,1,1
64,117579.0,Master,37.0,458.0,52764,60,0.20174399727765627,0,10,1
31,157541.0,Bachelor,20.0,788.0,55799,24,0.57727692120875,0,1,1
20,181177.0,PhD,39.0,541.0,84414,60,0.5592608013852589,0,6,1
18,62101.0,Master,38.0,304.0,98095,36,0.12349625050155874,0,1,1
22,84323.0,High School,20.0,660.0,77307,24,0.26940651080242406,0,9,1
43,111922.0,PhD,9.0,758.0,87062,36,0.30257427683920335,0,7,1
72,196659.0,Bachelor,37.0,547.0,36923,24,0.21950726733297168,1,5,1
31,188048.0,Master,3.0,721.0,83388,60,0.4144364484940878,0,13,1
56,147534.0,Bachelor,,314.0,52574,36,0.4201903733221205,0,6,1
44,87584.0,High School,16.0,421.0,48391,36,0.5252521141642985,0,6,0
26,,Master,6.0,576.0,58664,36,0.4704346341926089,0,5,1
32,,High School,3.0,752.0,72384,24,0.3712866634829778,0,9,1
32,62533.0,High School,28.0,689.0,36027,48,0.42679338502221,0,10,1
43,21828.0,PhD,13.0,593.0,40464,60,0.23699439077150905,0,8,1
59,21917.0,Bachelor,2.0,745.0,39485,36,0.3965280949836788,1,12,1
30,40618.0,Master,23.0,509.0,24456,48,0.3446136273749596,0,8,1
68,52254.0,High School,36.0,601.0,79795,60,0.1666722336581852,0,14,0
49,125292.0,High School,15.0,522.0,40554,60,0.22127213829148537,0,6,1
56,67362.0,Master,3.0,302.0,51922,36,0.24584672536079302,0,8,0
66,40128.0,High School,23.0,817.0,18409,36,0.562154783526279,0,12,0
69,143781.0,PhD,33.0,392.0,74327,24,0.21519331969294472,0,9,1
49,85545.0,PhD,29.0,819.0,96400,48,0.2446219514098341,0,2,1
21,102180.0,PhD,17.0,727.0,41639,48,0.2846770650447161,0,2,1
47,,PhD,18.0,792.0,68627,36,0.43187136931269354,0,0,1
54,160937.0,High School,30.0,,88424,60,0.15911919623607026,0,4,0
40,153291.0,Master,18.0,460.0,24692,36,0.5769726062468881,0,14,0
56,59809.0,Master,18.0,630.0,94037,60,0.5327856100473822,0,3,0
62,136748.0,Master,21.0,632.0,83840,60,0.38860803650447506,1,1,0
32,25287.0,Master,23.0,349.0,59200,36,0.43701893371247835,0,8,0
60,185459.0,Bachelor,11.0,822.0,98063,12,0.108330235622108,0,2,1
46,28512.0,Master,,,62415,48,0.2694723876742243,0,14,0
53,152414.0,Bachelor,37.0,571.0,23074,60,0.49783011533072097,0,7,1
30,128872.0,Bachelor,30.0,551.0,20549,60,0.13874148689619295,0,5,1
49,170288.0,PhD,35.0,389.0,34963,12,0.2411569171053601,0,13,0
24,113070.0,Bachelor,18.0,745.0,96456,24,0.3926484141671557,0,12,1
68,99767.0,High School,35.0,631.0,57265,12,0.2282065138494709,1,4,1
39,117829.0,Bachelor,,438.0,21061,12,0.5669889870722596,0,0,0
45,177686.0,PhD,32.0,656.0,63226,60,0.1655293154021452,0,3,1
19,187330.0,Bachelor,17.0,573.0,33810,48,0.4986971789538893,0,2,0
59,62078.0,High School,27.0,318.0,65006,12,0.3539743459532041,0,0,1
62,126288.0,High School,10.0,610.0,27800,24,0.475165387909978,0,11,1
74,103524.0,High School,32.0,,80476,36,0.2553576641557237,0,14,1
70,32219.0,PhD,16.0,689.0,74460,12,0.3572448011560194,0,4,1
23,20235.0,PhD,5.0,559.0,62767,12,0.5284176748615882,0,5,0
45,62929.0,Master,3.0,424.0,33054,24,0.33343904956155224,0,1,1
45,147309.0,PhD,19.0,,80319,48,0.27985993095513484,0,14,1
61,87444.0,High School,26.0,572.0,50397,12,0.36807769312636807,0,13,1
61,159639.0,High School,14.0,544.0,18233,12,0.4586813765181834,0,2,0
37,121834.0,PhD,5.0,749.0,95020,48,0.3217816727492514,0,10,1
47,104555.0,Bachelor,,546.0,30068,24,0.5694384875711365,0,13,1
28,93698.0,PhD,10.0,819.0,70727,12,0.24747291202117103,0,14,1
72,144450.0,PhD,38.0,,95610,48,0.3377318030845602,0,5,0
45,156487.0,High School,8.0,,75453,12,0.47846382967072076,0,3,1
42,187231.0,Master,25.0,307.0,30832,36,0.44456054524787914,0,8,1
56,63925.0,High School,15.0,777.0,91242,60,0.5318205262085781,0,4,1
50,157023.0,Master,4.0,651.0,18682,36,0.5984045903405545,0,3,1
18,107388.0,High School,9.0,,97298,12,0.31342916439754476,0,1,0
74,28007.0,PhD,2.0,726.0,28383,24,0.15557543989165593,1,5,1
44,192904.0,High School,12.0,338.0,63160,60,0.115207940403984,0,9,1
74,78596.0,High School,,486.0,98332,36,0.46343845306988585,1,1,0
69,141101.0,High School,5.0,392.0,28666,48,0.5370068356543578,0,11,0
30,181595.0,PhD,16.0,385.0,63817,24,0.21035629297220934,0,12,1
58,108861.0,PhD,18.0,343.0,96198,36,0.179224018594953,0,6,1
20,106740.0,PhD,34.0,436.0,39642,48,0.1311025457628455,0,2,1
56,35524.0,PhD,25.0,720.0,46830,12,0.5113514608586032,0,8,1
23,170354.0,Master,4.0,373.0,15234,48,0.25569096994629215,1,10,0
25,175002.0,Master,28.0,847.0,62616,36,0.3008484463798883,0,4,1
44,151149.0,Bachelor,36.0,811.0,14221,36,0.3513750958048062,0,7,1
26,145501.0,PhD,19.0,455.0,16410,12,0.5197266171047754,0,10,0
54,40611.0,Master,20.0,554.0,85055,48,0.42541661078074244,0,5,0
50,168056.0,High School,9.0,470.0,66413,48,0.4075323149289056,1,13,0
68,34060.0,PhD,4.0,469.0,6051,12,0.18783604997795536,0,11,0
59,63303.0,Bachelor,35.0,,80301,48,0.3565949458549149,0,9,1
61,180359.0,Bachelor,5.0,755.0,81918,12,0.4576905085893276,0,7,0
41,59711.0,Bachelor,25.0,454.0,83116,24,0.5866304415152459,0,12,0
32,163026.0,High School,3.0,,61563,36,0.20070315460667612,1,12,0
71,93340.0,Master,,750.0,49757,24,0.10477167653361333,0,10,1
49,122974.0,High School,38.0,472.0,82475,60,0.13765071679923488,0,11,1
49,169646.0,PhD,34.0,309.0,56257,60,0.2879262325909896,0,2,0
41,160256.0,Bachelor,0.0,564.0,5307,60,0.5102723238729936,0,2,1
58,170168.0,High School,23.0,,61889,12,0.10357104088412253,0,4,1
69,87728.0,High School,35.0,546.0,73895,48,0.3283652964429201,0,10,0
66,185088.0,Master,5.0,845.0,40944,24,0.2646153076706973,0,9,1
66,31246.0,Master,30.0,798.0,43134,24,0.1262408550498638,0,2,1
69,196630.0,Bachelor,19.0,428.0,32323,24,0.3251181433363086,0,7,1
29,169453.0,High School,23.0,626.0,76762,24,0.22737435366835942,0,9,1
56,147796.0,High School,24.0,703.0,92225,60,0.2759424171735032,0,12,1
19,187527.0,Master,35.0,658.0,30954,24,0.4528076523921465,0,11,0
20,112263.0,High School,20.0,316.0,60021,48,0.36077549195548353,0,13,1
66,155090.0,High School,29.0,573.0,94959,60,0.16232371449640667,0,7,1
54,31302.0,High School,23.0,415.0,84866,24,0.5807072702118196,0,1,0
66,87506.0,Master,29.0,390.0,75427,12,0.4179553828548692,0,11,1
73,61157.0,Bachelor,21.0,381.0,9992,36,0.4829342128312658,1,3,0
34,74917.0,PhD,27.0,,6961,36,0.1396065750041854,0,9,0
66,116646.0,Bachelor,6.0,413.0,17497,36,0.12352918973000945,1,12,0
19,103122.0,PhD,34.0,357.0,37551,60,0.10972402518404059,0,0,1
19,,High School,,453.0,81384,24,0.19439701388672223,0,3,1
45,100910.0,Bachelor,13.0,703.0,60755,60,0.30720419885924755,0,11,1
71,140430.0,PhD,9.0,565.0,18255,48,0.5679130667014114,0,12,0
40,91324.0,Master,15.0,614.0,9567,12,0.3285298296328881,0,12,1
54,25408.0,Master,15.0,340.0,53847,12,0.2451275526862647,0,10,1
49,79379.0,Bachelor,30.0,404.0,53003,36,0.38096762675983165,0,12,1
50,45053.0,Bachelor,24.0,492.0,25389,36,0.15596728906739463,0,3,1
18,160518.0,High School,12.0,700.0,49523,36,0.40475294550249163,0,9,1
36,151994.0,Bachelor,5.0,577.0,66576,24,0.3842159771652517,0,8,1
19,118723.0,High School,8.0,653.0,48919,48,0.49599651670285483,0,14,0
70,71356.0,High School,,555.0,87103,48,0.5933438058085121,0,2,0
61,30789.0,Master,19.0,398.0,8358,48,0.22543673585805526,0,14,1
43,117720.0,Master,17.0,581.0,93535,48,0.3548282254018803,0,1,1
49,86656.0,PhD,20.0,702.0,81524,36,0.5544327031595018,0,8,1
23,64028.0,Master,3.0,408.0,10698,12,0.49259494221142064,0,8,1
49,,Master,32.0,498.0,71809,36,0.34370315155040376,0,0,0
72,52154.0,Bachelor,26.0,,98079,48,0.5726858248073889,0,5,1
21,22336.0,Master,6.0,,60805,36,0.1286183467584047,0,9,0
72,123677.0,PhD,5.0,453.0,36349,48,0.565499309856292,0,7,0
28,87779.0,Bachelor,14.0,704.0,81777,60,0.12525369619140328,0,2,1
73,39029.0,PhD,17.0,761.0,55248,12,0.37365237205734214,0,10,1
34,79201.0,Master,31.0,431.0,80033,60,0.5452204740005429,0,8,1
55,52265.0,PhD,10.0,383.0,49041,24,0.23136047178065142,0,1,1
41,122916.0,Bachelor,19.0,698.0,36954,36,0.33612424947257924,0,5,1
22,194944.0,High School,23.0,408.0,13002,24,0.26216443956848334,0,0,0
69,66197.0,PhD,14.0,520.0,74783,36,0.5760719585381757,0,12,1
51,145733.0,PhD,6.0,667.0,92234,60,0.5118227973765455,0,6,1
23,174782.0,Bachelor,20.0,446.0,24738,48,0.4545007556631898,0,2,0
39,180558.0,Bachelor,25.0,411.0,15703,48,0.39381349330755433,0,6,1
28,,PhD,13.0,793.0,54422,36,0.510295894662074,0,3,1
65,148876.0,Master,36.0,804.0,88106,48,0.29613352076177357,0,8,1
33,84435.0,PhD,20.0,774.0,66899,60,0.323775927553031,0,4,1
50,60631.0,Bachelor,17.0,570.0,17392,48,0.46500086054043077,0,2,1
26,149038.0,High School,4.0,720.0,49724,60,0.27887738164685716,0,14,1
23,40103.0,High School,2.0,666.0,37299,24,0.13195047102418692,0,7,1
33,84772.0,Master,22.0,,20641,60,0.13716730444303574,1,5,1
46,146108.0,PhD,25.0,582.0,84534,12,0.15768140065285194,0,1,0
20,34382.0,High School,36.0,339.0,11305,12,0.5348406616718314,0,2,0
37,104291.0,PhD,23.0,488.0,23782,12,0.33611321287810214,0,7,1
53,121195.0,Bachelor,18.0,463.0,83257,36,0.45644118467236827,0,14,1
36,154828.0,High School,24.0,835.0,82963,36,0.29645466780244667,0,9,0
43,40609.0,Master,20.0,835.0,25566,36,0.22935547370781725,0,6,1
20,167550.0,Bachelor,11.0,303.0,72766,60,0.273596083781106,0,9,0
36,,Master,32.0,589.0,11511,36,0.4970911726585918,1,5,0
37,95683.0,Bachelor,3.0,732.0,31177,24,0.41260806251571913,0,13,0
49,144714.0,High School,6.0,770.0,9765,12,0.568819889978951,0,0,1
24,150330.0,Master,21.0,480.0,25354,60,0.43985238928841697,0,8,0
69,91315.0,Master,32.0,547.0,28929,12,0.38509081587734695,0,2,1
58,97834.0,Bachelor,16.0,578.0,33820,36,0.4050980044929172,0,13,0
50,146205.0,Master,23.0,553.0,34523,60,0.5711857197342073,0,4,1
57,34153.0,Bachelor,33.0,480.0,76088,48,0.494100464933353,0,6,0
56,96325.0,Bachelor,27.0,808.0,71163,24,0.11202061868321891,0,14,1
35,164071.0,Bachelor,38.0,625.0,82525,36,0.3670698480678486,0,6,1
57,75318.0,Bachelor,,656.0,18780,36,0.44416920577328245,0,2,0
18,151886.0,High School,16.0,690.0,11589,24,0.4743492392195775,1,14,1
28,135033.0,Bachelor,33.0,384.0,39812,24,0.20657105965696834,0,3,1
45,96077.0,PhD,5.0,616.0,98664,48,0.5335886772256762,0,9,1
74,110474.0,Master,5.0,511.0,50939,36,0.5779215735875819,0,6,0
42,153515.0,PhD,33.0,814.0,56493,36,0.2183576529224349,0,7,1
67,93319.0,High School,0.0,683.0,98326,12,0.5413077287586229,0,1,0
40,145885.0,PhD,9.0,641.0,45953,60,0.1484893812580477,0,8,0
48,129777.0,Master,20.0,337.0,70785,60,0.1278534180576226,1,6,0
47,37368.0,PhD,4.0,810.0,24309,12,0.1646119000513747,1,12,0
59,166400.0,High School,1.0,719.0,59195,60,0.128870539733518,0,7,1
52,111751.0,Bachelor,21.0,468.0,30901,24,0.522506118577888,0,5,0
24,47306.0,PhD,1.0,642.0,28576,60,0.12952507222913598,0,5,0
33,190987.0,High School,9.0,605.0,36508,60,0.23583209568182775,1,8,1
43,57219.0,High School,33.0,841.0,79711,12,0.1518781717679282,0,3,1
65,80279.0,Master,15.0,836.0,30464,48,0.24771101815688248,0,10,1
74,73028.0,Master,38.0,411.0,65281,60,0.14527973380046025,0,10,1
69,124263.0,PhD,,710.0,21260,60,0.434001625371507,0,4,0
66,20126.0,Bachelor,11.0,505.0,40440,48,0.16666340817128758,0,8,0
19,,High School,23.0,484.0,61683,12,0.525922962919444,0,0,0
18,47632.0,PhD,39.0,681.0,46430,48,0.5085955253633205,0,3,1
65,129945.0,High School,37.0,795.0,6987,12,0.10683084273530472,1,6,0
29,75176.0,High School,9.0,678.0,30105,24,0.5478631777575573,0,10,0
22,195399.0,Bachelor,34.0,346.0,83484,12,0.11447215837168354,0,14,1
54,154869.0,Bachelor,31.0,827.0,18026,24,0.21982289247877831,0,8,1
49,198954.0,PhD,6.0,,73309,24,0.11619456888799753,0,14,1
72,164790.0,Bachelor,,321.0,50927,12,0.26792174351965803,0,13,0
26,54560.0,Bachelor,19.0,512.0,80414,36,0.35693326285663585,0,12,1
58,96589.0,PhD,,609.0,62535,12,0.4983224345075691,0,10,0
52,42116.0,Bachelor,3.0,571.0,47946,60,0.2689907752349181,1,11,0
36,187316.0,Master,21.0,501.0,61561,60,0.4527450123365584,0,12,1
65,152717.0,High School,14.0,331.0,15377,36,0.19375222855949017,0,9,1
33,198595.0,High School,39.0,742.0,58592,24,0.4752992283720632,0,5,1
20,144085.0,High School,20.0,461.0,12347,36,0.21799830295461878,0,11,1
37,137718.0,High School,14.0,553.0,38776,60,0.17177237797188397,0,7,1
41,39256.0,PhD,21.0,820.0,8783,36,0.19270442518702716,0,12,0
71,120158.0,High School,27.0,,60798,12,0.1910315644409277,0,8,1
73,,High School,13.0,309.0,9298,36,0.35643143968849555,0,9,0
50,190354.0,High School,26.0,804.0,75204,24,0.522398790594073,1,3,0
41,139719.0,High School,39.0,735.0,91207,12,0.13980253849625282,0,0,1
69,88244.0,Master,,410.0,60161,48,0.4534781592467113,0,13,0
28,162766.0,High School,25.0,452.0,65652,60,0.4271732298264288,0,7,1
66,76264.0,Master,1.0,401.0,39484,60,0.5362599759146812,0,1,1
25,77545.0,PhD,24.0,490.0,25922,36,0.22207378025345362,0,10,1
53,59224.0,Bachelor,2.0,380.0,39028,12,0.3250549293425148,0,0,1
55,117945.0,High School,7.0,788.0,25316,48,0.5629136872217587,0,12,1
57,33224.0,Bachelor,32.0,387.0,81996,12,0.4299967250676586,0,6,0
37,60738.0,Bachelor,34.0,493.0,21968,60,0.29438420643079843,0,11,1
52,,PhD,5.0,403.0,35266,12,0.16570619142763424,0,9,0
65,83731.0,Bachelor,38.0,395.0,29000,48,0.23124250395029552,0,8,0
42,159649.0,Master,22.0,722.0,19011,36,0.3906077387446917,1,10,1
52,28070.0,Bachelor,24.0,497.0,7866,24,0.4590839737802569,0,14,0
42,146161.0,Bachelor,18.0,300.0,10898,12,0.16221094342594675,0,11,0
46,28666.0,Bachelor,4.0,706.0,23395,24,0.399798630022027,0,11,1
35,,High School,10.0,677.0,44019,60,0.3751756394193755,0,8,1
63,56368.0,High School,11.0,466.0,9006,36,0.35697772334535405,1,2,0
35,157855.0,Master,9.0,808.0,39393,36,0.44506155884100396,0,5,1
19,61914.0,Master,7.0,612.0,15956,12,0.518724797541731,0,6,0
71,147738.0,High School,23.0,717.0,55042,36,0.26149484158843417,0,13,0
52,87526.0,Master,27.0,776.0,11078,12,0.5445060950554798,0,9,0
33,196837.0,High School,35.0,372.0,34631,12,0.18031680630927535,0,8,0
58,39956.0,PhD,36.0,440.0,67901,24,0.18651193487558218,0,14,1
53,66240.0,Bachelor,20.0,561.0,74497,36,0.23338603181196196,0,1,0
50,141008.0,Bachelor,7.0,639.0,99813,12,0.1597654347735389,0,7,0
21,188220.0,Master,8.0,607.0,46574,24,0.2151596123414388,0,13,1
50,114270.0,High School,14.0,544.0,36417,48,0.1532058814514223,0,6,1
31,24757.0,High School,39.0,814.0,93020,24,0.5108762084926952,0,3,1
38,39097.0,Master,17.0,636.0,88639,24,0.1694844959433123,0,1,1
65,161467.0,High School,19.0,375.0,70006,12,0.4736487787799284,0,7,0
37,167313.0,PhD,5.0,474.0,99881,60,0.12395693395666688,0,10,0
73,123892.0,Bachelor,,408.0,44454,60,0.5742601637569575,0,4,1
25,178768.0,Master,1.0,482.0,6587,60,0.45558004376388306,0,5,0
24,90480.0,Master,6.0,491.0,59710,24,0.1033982742930559,0,13,1
20,66163.0,High School,15.0,364.0,91567,12,0.481928250100107,0,10,1
34,39816.0,Master,2.0,773.0,96748,36,0.35704096038309263,0,6,1
50,72853.0,PhD,2.0,399.0,80886,24,0.4896825851675599,0,14,0
65,175989.0,High School,26.0,843.0,23816,24,0.36124840444529427,0,14,1
29,116731.0,High School,39.0,427.0,90824,12,0.42051242881767736,0,9,1
68,172638.0,High School,37.0,,34432,48,0.49316582769752026,0,0,1
39,82823.0,High School,32.0,668.0,53617,24,0.30255402729392833,0,7,1
72,,PhD,27.0,342.0,77373,48,0.10135407491022605,0,3,1
39,21759.0,High School,0.0,718.0,39217,48,0.5249732479725943,0,12,1
63,193021.0,Master,7.0,787.0,25884,60,0.2904451813123313,0,8,1
47,112374.0,PhD,36.0,377.0,10454,12,0.34802136300829156,0,0,1
55,153554.0,Bachelor,31.0,569.0,79960,48,0.10388332107698436,0,10,1
55,44442.0,Bachelor,36.0,614.0,48618,12,0.346046005175049,0,1,0
62,184791.0,Master,3.0,467.0,88948,60,0.5932437007858647,0,13,0
68,,Master,29.0,638.0,67671,12,0.23913383040938482,0,5,1
71,,PhD,5.0,492.0,52111,24,0.297709135121189,0,10,1
25,153789.0,Bachelor,18.0,752.0,44613,48,0.44359499823433834,1,9,0
44,79676.0,Bachelor,31.0,582.0,90678,12,0.5073968337618293,0,10,1
44,179024.0,Bachelor,8.0,635.0,64993,36,0.3086958120030502,0,13,0
51,,Bachelor,11.0,689.0,13848,12,0.2548344352006463,0,0,1
38,110397.0,Bachelor,10.0,824.0,83672,48,0.5689128999925336,0,3,0
47,92847.0,High School,15.0,539.0,71125,60,0.43857248333583465,0,7,0
50,113607.0,Master,0.0,782.0,91444,60,0.15951065224657054,0,14,1
45,169521.0,High School,20.0,757.0,66602,48,0.13446393906732432,0,9,1
64,184608.0,Bachelor,29.0,388.0,77045,24,0.3417749253951845,1,4,0
50,84077.0,PhD,12.0,394.0,47222,24,0.21004503302363622,0,12,1
22,58258.0,PhD,33.0,751.0,54223,60,0.22699237668812675,0,8,1
65,199374.0,Bachelor,3.0,727.0,70333,60,0.5388460894139241,0,10,0
36,179937.0,Bachelor,27.0,450.0,57732,48,0.14478301215815534,0,10,1
21,157717.0,PhD,37.0,813.0,54420,24,0.4576820576144448,0,5,1
52,139771.0,High School,30.0,675.0,80504,60,0.23557112669029404,0,0,1
66,58000.0,High School,26.0,321.0,7462,24,0.4801641107020689,0,5,1
34,46737.0,Bachelor,4.0,612.0,14460,60,0.4612056922317723,0,5,0
61,31485.0,High School,24.0,818.0,14275,12,0.10369595072214652,0,12,1
45,58565.0,PhD,2.0,505.0,99213,36,0.3545677064607996,0,5,1
47,176594.0,High School,32.0,674.0,18269,12,0.1696597411890232,0,7,1
46,139614.0,Bachelor,3.0,750.0,70942,60,0.5331135152893384,0,14,0
63,85155.0,PhD,24.0,478.0,77920,36,0.5357929414312033,0,5,0
70,72487.0,High School,19.0,509.0,27553,36,0.309172903746879,1,4,1
23,149948.0,Master,33.0,799.0,29366,60,0.3221978092255403,0,14,1
52,32342.0,PhD,25.0,763.0,49036,60,0.25164146970226353,0,10,0
58,60806.0,PhD,,423.0,22369,24,0.4583031494800155,1,1,0
54,68770.0,Master,,412.0,16795,60,0.2793306815132296,0,3,0
41,98623.0,Master,27.0,311.0,75021,48,0.2338962372613169,0,13,1
46,123177.0,PhD,28.0,425.0,73154,60,0.3161155297522541,0,14,1
66,151026.0,Master,8.0,630.0,35143,48,0.14574375919372937,0,9,1
63,95629.0,Bachelor,37.0,582.0,34425,60,0.47330160232210194,0,4,1
70,140993.0,Bachelor,5.0,439.0,93209,24,0.10629820063589349,1,9,0
48,146944.0,Bachelor,18.0,700.0,80139,48,0.42224253076029694,0,3,0
52,125947.0,PhD,10.0,396.0,10368,12,0.1914322633774362,0,1,1
50,46399.0,Master,1.0,816.0,9621,48,0.21620202310720657,0,6,0
69,148177.0,Master,8.0,368.0,63829,24,0.41781599932002,0,9,1
38,129575.0,High School,20.0,417.0,65294,48,0.5964717328914536,0,9,0
49,130904.0,High School,23.0,358.0,19719,60,0.4888587445362753,0,1,1
40,50678.0,Master,33.0,332.0,34227,60,0.212919816111696,0,0,1
50,96218.0,Master,21.0,,12566,24,0.1880123775205669,0,13,1
20,83230.0,Master,2.0,349.0,17306,36,0.5331164351338352,0,4,1
35,94055.0,PhD,11.0,788.0,58822,60,0.3220919739607522,0,11,1
42,182552.0,Master,27.0,318.0,29042,12,0.16852640141407774,0,12,1
59,92258.0,High School,29.0,496.0,20086,24,0.5311057116609691,0,0,1
48,59986.0,PhD,25.0,749.0,22387,48,0.5080461764571307,0,0,1
71,175232.0,Master,20.0,751.0,32042,48,0.5919531819485818,0,14,0
20,105595.0,High School,27.0,588.0,94424,12,0.554871843356342,1,0,0
57,121358.0,PhD,25.0,440.0,56618,60,0.5258951693302708,0,5,0
63,84929.0,Master,32.0,383.0,97050,24,0.12628719890550158,0,8,1
41,93506.0,Master,20.0,,23323,12,0.15220768474905902,0,9,1
67,54911.0,Master,34.0,,23019,60,0.3844915971520614,0,12,1
49,107127.0,PhD,33.0,825.0,80426,24,0.36573962314091046,0,10,1
64,,High School,17.0,514.0,45863,48,0.32898160724476777,0,11,0
39,133453.0,High School,10.0,702.0,15283,24,0.2983946627072921,0,0,1
40,104458.0,Bachelor,22.0,427.0,23279,36,0.3156052424321645,0,4,0
19,32175.0,Master,,776.0,51999,24,0.3846489670673976,0,14,1
44,139235.0,Bachelor,16.0,703.0,67780,36,0.10103825880004061,0,8,1
59,74771.0,Bachelor,4.0,328.0,27908,24,0.2303543870664261,0,13,1
19,147157.0,High School,10.0,637.0,66584,36,0.3591398603443555,0,8,1
43,141300.0,PhD,,660.0,55225,48,0.46110804933682314,0,0,1
34,106925.0,PhD,14.0,691.0,42952,60,0.18707834619769817,0,7,1
57,86358.0,High School,26.0,517.0,42663,36,0.3734405868937165,0,0,1
50,168399.0,PhD,34.0,501.0,66381,36,0.45722984194289085,1,14,0
26,67057.0,Bachelor,32.0,316.0,52929,48,0.3223138289569524,0,7,1
60,26150.0,Master,19.0,621.0,14343,36,0.11354056683502553,1,0,0
71,24425.0,High School,15.0,817.0,81173,12,0.3246340792328184,0,11,0
65,36032.0,Master,33.0,624.0,44791,48,0.24822244387207656,0,4,0
56,22198.0,PhD,1.0,,34134,12,0.5648248038506641,0,7,0
46,171151.0,Master,34.0,617.0,52101,48,0.16230669283916369,0,5,1
59,187292.0,PhD,39.0,381.0,74443,36,0.42623797775361605,0,8,0
72,192946.0,PhD,27.0,773.0,62530,12,0.12635988316725058,0,0,1
43,164931.0,Bachelor,38.0,767.0,51799,36,0.3230852189063482,0,8,1
52,182491.0,PhD,5.0,724.0,9827,48,0.37698974361004034,1,0,1
67,138865.0,Bachelor,8.0,,67653,36,0.24897746565843273,0,9,0
42,159777.0,Bachelor,19.0,686.0,18699,12,0.3275378177601922,0,9,1
41,193952.0,Bachelor,0.0,397.0,96419,12,0.1817768972650937,0,2,0
30,43236.0,High School,7.0,644.0,10313,36,0.2520619247340181,0,0,1
24,107955.0,High School,22.0,507.0,18598,24,0.41055316245510154,0,2,1
74,123145.0,PhD,2.0,813.0,33807,48,0.25090002793057753,0,11,1
53,166430.0,Bachelor,3.0,465.0,75423,48,0.5498715392044359,0,10,0
62,114914.0,High School,24.0,321.0,74390,36,0.4142034788204949,0,12,1
37,122870.0,Bachelor,37.0,453.0,50226,24,0.31932450921799227,0,1,1
18,136243.0,Master,14.0,738.0,64550,12,0.11937846777709124,0,1,1
25,34596.0,Master,20.0,594.0,85072,60,0.3497741676023356,0,8,1
63,184644.0,Master,34.0,518.0,8558,60,0.4823881210625446,0,7,1
33,152351.0,PhD,13.0,794.0,80308,36,0.23277879900620682,1,0,1
31,131496.0,Bachelor,35.0,529.0,55113,24,0.5033867848243837,0,11,0
29,150273.0,Master,11.0,319.0,57999,24,0.22590338302544075,1,13,0
68,158155.0,High School,16.0,447.0,60878,48,0.5118731939754002,0,3,1
40,140674.0,Master,38.0,407.0,41343,12,0.1426341708058387,0,12,1
32,140307.0,Master,8.0,702.0,63219,24,0.5330918544345148,0,0,1
45,,Master,34.0,782.0,40186,60,0.34959322546666527,0,0,1
51,181047.0,PhD,12.0,666.0,41966,12,0.248268794810131,0,11,1
19,196720.0,High School,14.0,713.0,38769,12,0.2325566252075744,0,11,1
49,199357.0,Bachelor,17.0,608.0,58218,36,0.3160052794651813,0,3,1
40,39063.0,High School,32.0,433.0,24229,24,0.5995247490518225,0,1,0
39,87642.0,Bachelor,5.0,582.0,80209,36,0.2101636967187913,0,2,1
68,110093.0,PhD,26.0,372.0,32877,24,0.15160832443949981,1,10,1
42,188671.0,PhD,22.0,780.0,63001,48,0.39251758435933093,0,8,1
39,179601.0,PhD,26.0,651.0,43084,36,0.34427123322012854,0,1,1
39,55954.0,PhD,33.0,625.0,86780,36,0.3620981355316537,0,3,1
66,47856.0,Bachelor,37.0,742.0,97892,60,0.4334677087786085,0,0,0
69,22573.0,Master,13.0,399.0,21806,36,0.23357203493532466,0,1,1
59,55367.0,Bachelor,,358.0,93635,24,0.5553324976919443,1,4,0
23,119608.0,High School,7.0,807.0,42034,60,0.31783603306114516,0,13,1
32,80774.0,PhD,34.0,557.0,45317,36,0.1645430975712309,0,9,1
71,43752.0,PhD,18.0,,60468,36,0.4711493783669721,0,14,0
60,75029.0,High School,29.0,751.0,24094,48,0.42155217630892516,1,0,0
54,168757.0,Bachelor,13.0,364.0,62796,36,0.2578717012420185,0,10,1
50,150282.0,Master,19.0,453.0,15589,12,0.41075936201702423,0,6,1
25,71693.0,Master,24.0,565.0,62221,60,0.20993097818448844,0,3,1
70,136739.0,High School,39.0,,6657,12,0.32241967967026475,0,5,1
61,75961.0,Master,23.0,614.0,44531,60,0.5497062610836626,0,7,0
61,146678.0,Bachelor,13.0,547.0,57227,48,0.1667671165803747,0,12,1
22,94532.0,Bachelor,,713.0,8164,36,0.29334822499373103,0,5,1
56,101994.0,High School,37.0,324.0,98078,36,0.5105712123601737,0,13,1
21,76133.0,Bachelor,,583.0,88973,36,0.5847454497030891,0,1,1
23,81268.0,PhD,21.0,748.0,46247,60,0.32696306821089793,0,0,1
62,189315.0,High School,18.0,600.0,24601,36,0.35349981007167375,0,7,1
49,51653.0,Bachelor,2.0,367.0,98966,12,0.38608598089188484,0,7,1
69,177729.0,High School,18.0,306.0,55599,36,0.5661740708168554,0,8,1
47,191024.0,Master,8.0,436.0,76545,48,0.5291033954885149,0,5,0
64,173252.0,Bachelor,27.0,463.0,9552,12,0.18530056231082218,0,11,1
52,141829.0,PhD,19.0,382.0,14417,36,0.3183789089235375,0,0,1
72,148377.0,Bachelor,6.0,719.0,63579,36,0.3320002140982131,0,13,1
57,21622.0,High School,13.0,372.0,73207,24,0.49454805582437833,0,8,1
69,68756.0,High School,8.0,536.0,77055,60,0.40144644130271767,0,11,0
33,60809.0,Bachelor,18.0,345.0,83270,12,0.4271102310145065,0,12,0
30,36725.0,PhD,13.0,561.0,8722,24,0.5990999538328088,0,14,0
67,71226.0,PhD,37.0,475.0,75442,48,0.13748002173500654,0,13,0
59,101182.0,PhD,35.0,465.0,45031,60,0.2115049117668665,0,2,1
47,49402.0,High School,39.0,669.0,84235,12,0.30394796868577345,0,10,1
36,24263.0,Bachelor,16.0,353.0,26438,36,0.2738912015244436,0,5,1
34,197900.0,Master,29.0,718.0,63819,12,0.1108227806734918,0,9,1
73,67924.0,High School,8.0,806.0,48856,36,0.14588880323558792,0,12,1
36,94182.0,PhD,32.0,640.0,38576,60,0.4404766457017881,0,9,1
45,162736.0,Bachelor,24.0,426.0,46938,36,0.5396622316812804,0,14,0
72,55737.0,PhD,13.0,708.0,54028,48,0.3571135056329888,1,10,0
43,,Master,10.0,,64807,36,0.36959553975681647,0,11,0
54,109563.0,PhD,,570.0,54877,48,0.2275467164161897,0,13,1
43,180445.0,PhD,13.0,678.0,48461,60,0.48393818181685566,0,14,1
70,187469.0,Master,29.0,372.0,98474,60,0.4758972936836282,1,8,1
40,148575.0,Bachelor,3.0,547.0,45469,12,0.39418284460882835,0,10,1
26,121371.0,High School,3.0,342.0,88136,48,0.20633214325567142,0,12,0
29,58709.0,Bachelor,27.0,676.0,25435,48,0.14850910911854473,1,2,0
70,170322.0,Master,7.0,,89117,24,0.13211928792856295,0,4,1
18,41172.0,PhD,1.0,469.0,19191,24,0.39634803332143886,0,12,1
18,31555.0,Bachelor,21.0,511.0,89726,24,0.5125176595714,0,13,0
64,73276.0,High School,15.0,792.0,32386,36,0.5291652158904624,0,4,1
51,,Master,28.0,,36721,24,0.3318110371717249,0,9,1
49,109599.0,Bachelor,29.0,668.0,59786,48,0.49213564965335843,0,6,0
71,175834.0,High School,11.0,450.0,18704,36,0.5734400981705118,0,3,1
65,31046.0,Master,34.0,410.0,61635,60,0.237585056244034,0,10,0
42,136021.0,High School,10.0,,7123,12,0.2989801731903786,0,3,0
57,,Master,20.0,735.0,95710,24,0.5657394962983403,0,6,1
62,174222.0,PhD,20.0,346.0,67993,60,0.26911548365864246,0,8,1
70,24853.0,Bachelor,4.0,665.0,85122,48,0.5569381451608981,0,14,1
18,140900.0,High School,19.0,368.0,30416,12,0.5905224311272329,0,10,1
33,172864.0,Master,36.0,598.0,6814,60,0.4309053642872124,1,3,1
56,79129.0,High School,2.0,595.0,83537,12,0.5084451447520841,0,3,1
22,134130.0,High School,32.0,502.0,55258,24,0.47477278211054263,0,5,0
39,183059.0,Bachelor,8.0,360.0,21508,48,0.44976712880776193,1,5,0
46,166922.0,PhD,8.0,613.0,90166,12,0.2534655364906163,0,6,1
72,163184.0,High School,3.0,460.0,83916,60,0.12854716895397186,0,14,0
20,141789.0,Master,34.0,630.0,40699,24,0.27152586625982533,1,0,0
29,175130.0,Master,16.0,827.0,51335,24,0.43346799260195334,0,12,1
43,196492.0,PhD,33.0,637.0,51806,60,0.1512645991139007,0,10,1
33,58890.0,Master,23.0,603.0,82853,60,0.10595899148912105,0,13,1
68,,PhD,,802.0,68768,12,0.16984618630146933,0,2,1
54,198376.0,Master,0.0,637.0,40739,36,0.4578679632053977,0,8,0
39,183993.0,Bachelor,7.0,849.0,39785,24,0.586396850828222,0,5,1
74,152596.0,High School,22.0,574.0,36980,12,0.5915323498074102,0,5,0
46,120424.0,Bachelor,39.0,463.0,94335,60,0.34698957457009394,0,4,1
31,35048.0,High School,11.0,742.0,99702,12,0.5346761504961737,0,10,0
45,186183.0,High School,11.0,618.0,90016,60,0.468413227875752,0,2,1
22,188976.0,High School,14.0,803.0,6609,48,0.3505201184923017,0,10,1
64,74912.0,Bachelor,18.0,686.0,71253,60,0.3863802664775434,0,4,1
66,54008.0,High School,25.0,793.0,90481,60,0.16861357330843554,0,13,1
47,151132.0,Bachelor,28.0,789.0,96128,60,0.568830730308296,0,0,1
63,103559.0,PhD,21.0,372.0,33141,36,0.27596488536588837,0,2,1
69,75337.0,Master,39.0,808.0,35009,60,0.3230746282285848,0,3,1
22,130616.0,Master,20.0,689.0,11782,24,0.43583011549894934,0,4,1
29,33350.0,High School,37.0,594.0,97072,24,0.26695123576327695,0,9,1
33,44354.0,Bachelor,19.0,668.0,30933,12,0.22712958049446527,0,8,1
43,65186.0,Master,28.0,848.0,82154,36,0.41552469663511027,0,3,0
43,48145.0,Bachelor,3.0,486.0,13307,12,0.11249204114092473,0,2,0
65,185092.0,Bachelor,6.0,744.0,97207,24,0.4603625560133394,0,9,1
38,106123.0,High School,27.0,662.0,80874,24,0.35701168493825486,1,0,0
56,40581.0,Master,27.0,422.0,43346,48,0.4028768652604672,0,12,0
53,108929.0,High School,3.0,487.0,55772,60,0.4159400796234426,0,9,0
50,43051.0,High School,21.0,,77084,24,0.3635250782462819,0,5,0
47,,Master,11.0,551.0,45149,12,0.39126688872036797,0,6,1
54,111748.0,Master,2.0,848.0,91700,12,0.44189410044493727,0,9,1
40,145995.0,PhD,21.0,634.0,32526,60,0.47655942358983705,0,14,1
27,89626.0,PhD,1.0,391.0,90712,60,0.4637261956430603,0,7,1
71,26960.0,Bachelor,23.0,829.0,73477,48,0.5348082288661309,1,11,0
22,186844.0,Master,33.0,,10695,36,0.19472171658370138,1,0,1
53,172592.0,PhD,,811.0,44169,12,0.3005739847458988,0,11,1
51,56408.0,Bachelor,0.0,438.0,52947,60,0.5738980330072285,0,3,0
69,114006.0,Bachelor,7.0,484.0,52224,12,0.2982952871931649,0,10,1
48,77134.0,Bachelor,22.0,504.0,50865,60,0.16243503845296134,0,4,1
27,171563.0,PhD,37.0,513.0,30553,24,0.36272256318108975,0,1,1
36,152413.0,Master,5.0,555.0,65410,12,0.1547454862772311,0,0,1
49,195695.0,High School,21.0,434.0,95895,24,0.2014266193639326,0,7,1
18,110327.0,Bachelor,,387.0,29816,12,0.5991593782854784,0,5,0
73,151410.0,PhD,,506.0,60026,36,0.370681319198066,0,4,1
22,163326.0,PhD,16.0,428.0,55705,48,0.2420291945202145,0,12,1
62,,High School,11.0,302.0,66922,24,0.5973874772869531,0,8,0
21,152822.0,High School,5.0,420.0,78914,60,0.5832794592775716,0,12,0
33,87957.0,PhD,25.0,684.0,6881,36,0.32036952054213175,0,10,1
41,125423.0,Master,26.0,337.0,44567,12,0.2302015543939542,0,12,1
33,78053.0,High School,7.0,640.0,52365,24,0.519199819046095,0,10,0
72,166968.0,PhD,18.0,320.0,84211,12,0.4578103584858929,0,1,1
19,97454.0,High School,0.0,,75122,12,0.44347071750175515,0,9,1
66,110600.0,Master,28.0,754.0,30006,12,0.5465568706612363,0,11,1
45,,Bachelor,34.0,602.0,46198,48,0.4447085669356623,0,7,1
49,179007.0,High School,39.0,,27831,48,0.24189897152077458,0,10,0
44,57641.0,Master,13.0,428.0,21459,60,0.4469315809378661,0,13,1
37,49711.0,PhD,34.0,495.0,37443,24,0.25290675564183196,0,9,1
41,90342.0,High School,19.0,439.0,47316,36,0.47961948982849756,0,12,1
29,126896.0,High School,12.0,743.0,69486,36,0.409873927245783,0,8,1
67,163254.0,PhD,37.0,582.0,10877,36,0.1387057759923753,0,0,1
52,107833.0,Bachelor,7.0,611.0,44553,12,0.356417681217571,0,6,0
50,76276.0,PhD,19.0,834.0,9922,48,0.27165048459787045,0,7,1
50,39541.0,High School,32.0,576.0,9686,24,0.26428531636614716,0,2,0
68,114457.0,PhD,25.0,360.0,37766,12,0.40112815118862866,0,13,1
60,,Master,38.0,618.0,84943,48,0.2611624122347125,0,3,0
54,188270.0,PhD,20.0,351.0,37006,48,0.48844687410243637,0,12,0
29,159892.0,High School,8.0,452.0,36422,24,0.13539571800558722,0,2,0
20,44070.0,PhD,23.0,610.0,17205,24,0.43019412619791275,1,6,1
18,162194.0,Bachelor,36.0,843.0,91590,24,0.5045974018283707,0,8,1
50,100559.0,PhD,16.0,688.0,28527,12,0.436415844960215,0,2,1
57,61786.0,Bachelor,23.0,847.0,23443,60,0.3486145975099979,0,12,1
27,157809.0,Master,20.0,476.0,21524,24,0.5751535068680906,0,5,1
60,56062.0,Bachelor,38.0,661.0,33202,60,0.2499692448990318,0,7,0
61,71571.0,PhD,38.0,613.0,70552,12,0.1095839437624889,0,5,0
46,45510.0,High School,12.0,396.0,51142,60,0.3159946857317204,0,1,0
30,39426.0,Bachelor,10.0,512.0,66692,36,0.11650596795016363,0,12,0
29,57265.0,Master,,436.0,87384,60,0.5769683762632044,0,6,0
48,168922.0,Bachelor,10.0,305.0,25855,24,0.20495902287402576,0,1,0
63,86150.0,Bachelor,12.0,408.0,88747,12,0.4944635119744397,0,1,0
19,107312.0,Bachelor,0.0,846.0,65372,24,0.4872860415871825,0,1,1
68,109613.0,Master,39.0,338.0,30095,36,0.20886444984146676,0,10,1
67,94910.0,PhD,18.0,724.0,43724,24,0.4106132652400837,0,14,1
52,72375.0,Bachelor,11.0,560.0,54241,24,0.12403948424322511,0,0,0
40,141826.0,Bachelor,7.0,725.0,57003,24,0.34178729285193377,0,13,1
34,55435.0,High School,7.0,386.0,73379,48,0.10732356363624337,0,10,1
43,116443.0,Master,11.0,764.0,99837,36,0.5605719400904209,0,0,1
25,154055.0,Bachelor,32.0,375.0,96996,24,0.5880430120997858,0,13,0
46,171734.0,Master,25.0,770.0,99283,24,0.21114138331929264,0,6,1
43,43510.0,Bachelor,38.0,713.0,20972,24,0.2040530172981864,0,14,1
27,192070.0,PhD,27.0,756.0,98846,12,0.47686008828106485,0,12,1
43,114071.0,PhD,4.0,584.0,27927,48,0.22668969941466724,0,13,0
51,26640.0,Bachelor,7.0,538.0,71630,12,0.5475382795809225,0,13,0
68,64547.0,PhD,24.0,671.0,57347,48,0.38696456806149115,0,14,1
58,,Bachelor,26.0,794.0,93860,24,0.27538881150515604,0,13,1
24,166389.0,PhD,22.0,344.0,91210,36,0.5163468731747101,0,11,1
21,135608.0,High School,29.0,700.0,74518,60,0.3467033502066976,0,4,1
70,27564.0,High School,22.0,546.0,50283,60,0.5558164568542378,0,10,1
67,178417.0,High School,19.0,749.0,86326,24,0.5640071183646905,0,2,1
62,133824.0,Master,17.0,784.0,17205,12,0.18271007606420467,0,0,1
28,99273.0,Master,17.0,317.0,94874,36,0.10116170306596514,0,10,1
46,94859.0,High School,1.0,588.0,17748,48,0.5919654700712011,0,9,0
73,130017.0,Master,3.0,713.0,26097,24,0.5530687680637397,0,5,1
53,,PhD,29.0,,8092,36,0.1277226178519207,0,10,0
42,,Bachelor,32.0,715.0,58311,36,0.516517131970535,0,0,0
38,49430.0,Bachelor,,798.0,27692,48,0.3289024662796033,0,8,1
74,47788.0,Bachelor,17.0,414.0,28862,36,0.22948080251248762,0,1,1
53,199615.0,High School,36.0,533.0,95396,12,0.5393732618384649,0,0,0
27,164991.0,Master,18.0,839.0,84507,12,0.19833361619515363,0,14,1
54,89346.0,PhD,27.0,310.0,85152,12,0.5736499997100335,0,11,1
26,116122.0,PhD,39.0,505.0,75469,36,0.20281074384967054,0,6,1
41,59974.0,High School,19.0,546.0,9926,12,0.4068415938643718,0,5,1
52,,PhD,32.0,426.0,96299,48,0.21154316726448744,0,5,1
66,36371.0,PhD,11.0,446.0,8969,36,0.3728343324843174,0,13,1
52,65084.0,PhD,14.0,417.0,40733,60,0.44198756495757063,0,4,1
65,180701.0,PhD,38.0,681.0,74855,36,0.19511396541006878,0,10,1
53,81916.0,Master,1.0,711.0,46743,48,0.3604428913503396,0,3,0
35,93972.0,PhD,28.0,662.0,44876,60,0.3345298721950595,0,10,1
66,32984.0,Bachelor,9.0,808.0,25323,36,0.13551871070167062,0,3,1
56,53039.0,High School,1.0,436.0,21428,12,0.5091539088376514,0,2,1
49,105431.0,Master,10.0,474.0,39578,24,0.2678412003214209,0,9,1
41,103691.0,PhD,12.0,588.0,91486,24,0.3872910987759398,0,7,1
40,78606.0,Master,9.0,780.0,69140,12,0.3573921174665672,0,6,1
49,161688.0,PhD,13.0,318.0,88829,24,0.35663025228522116,0,8,1
54,122665.0,Bachelor,17.0,494.0,11364,24,0.15361119710424373,0,0,1
29,125373.0,High School,8.0,629.0,40349,12,0.31174100462466636,0,6,0
66,44574.0,PhD,38.0,474.0,5691,12,0.32618337960328514,0,9,1
72,154502.0,PhD,27.0,748.0,71467,36,0.4668214201822243,0,3,1
30,,PhD,2.0,653.0,50896,36,0.5200094159603492,0,6,0
40,161888.0,PhD,19.0,798.0,62062,12,0.37249113905000897,0,12,1
42,52733.0,High School,5.0,440.0,84762,48,0.14339147703249525,0,11,1
52,22050.0,High School,26.0,392.0,18861,24,0.21842473529827314,0,0,0
58,129996.0,Bachelor,1.0,538.0,93302,36,0.18246701342636554,0,4,0
47,53933.0,High School,28.0,504.0,68928,24,0.16230753159456238,0,2,0
34,44951.0,PhD,37.0,732.0,88231,60,0.28294964930890376,0,4,1
66,52413.0,Bachelor,2.0,544.0,46347,12,0.21469675107719102,0,3,0
37,185873.0,Bachelor,15.0,616.0,8121,48,0.20915155590575615,0,1,0
65,183985.0,Bachelor,29.0,594.0,88793,60,0.12734658728813383,0,10,1
42,132573.0,PhD,39.0,581.0,33164,60,0.10883502239771695,0,3,1
39,191672.0,Master,1.0,,30491,60,0.1513841213248909,0,2,0
30,186472.0,PhD,16.0,370.0,64222,12,0.18609873971181654,0,12,1
36,,High School,11.0,,28165,36,0.3154918644241016,0,0,0
66,142744.0,High School,34.0,624.0,8748,12,0.3552601306494223,0,11,1
53,109431.0,PhD,0.0,604.0,31553,36,0.1702959590866828,0,9,0
29,63001.0,PhD,14.0,750.0,65380,60,0.3123916707620932,0,7,1
58,87364.0,Bachelor,25.0,306.0,49331,60,0.2708744211629637,0,14,1
36,,PhD,36.0,613.0,44560,48,0.19171182174897802,0,4,0
29,65028.0,Bachelor,20.0,402.0,58865,36,0.10342037407418178,0,3,0
26,188645.0,High School,30.0,492.0,51686,60,0.33350893326087083,0,9,1
24,151878.0,Bachelor,24.0,828.0,80910,24,0.4428258746325997,0,11,1
45,144343.0,PhD,22.0,470.0,9675,48,0.21313866707190351,1,4,0
31,148301.0,High School,23.0,836.0,71706,12,0.16590341494833968,0,3,1
48,146295.0,Master,37.0,550.0,82986,48,0.543521372223481,0,2,1
69,180829.0,Bachelor,27.0,686.0,81216,24,0.2375123862438989,0,4,1
36,54636.0,High School,20.0,506.0,15068,36,0.2118063098963324,0,3,1
64,199352.0,Bachelor,17.0,840.0,59460,12,0.528548469804958,0,14,0
33,44262.0,High School,35.0,715.0,51418,12,0.5085535495833806,1,0,0
70,100435.0,High School,34.0,679.0,31206,36,0.3241732352623168,0,11,1
22,148583.0,Bachelor,8.0,443.0,5287,48,0.34461943071388723,0,2,0
52,189269.0,Master,37.0,324.0,27337,60,0.208874352417011,1,9,0
29,61844.0,High School,29.0,372.0,25666,48,0.13915083523977875,0,14,1
42,84754.0,High School,,392.0,6161,24,0.38671591267783056,0,9,0
69,185229.0,High School,31.0,804.0,95071,60,0.14917246079510657,0,7,1
38,97129.0,Master,2.0,635.0,43751,48,0.32463727347832494,0,6,1
53,,Master,,724.0,87063,36,0.5702485992565054,0,1,0
70,81665.0,PhD,27.0,798.0,94389,24,0.5764171945852922,1,0,0
40,136953.0,Bachelor,14.0,663.0,19758,24,0.2196661432736793,0,2,1
33,178448.0,Master,22.0,498.0,70780,24,0.4120567100228272,0,4,0
74,165271.0,Bachelor,39.0,712.0,8178,60,0.33703813205392885,0,9,1
56,138533.0,PhD,10.0,638.0,36831,12,0.537842563793053,0,14,1
62,93781.0,Bachelor,31.0,,7176,60,0.23571543213802662,0,10,1
70,86262.0,Master,35.0,,38654,48,0.10185120341620843,0,11,0
59,66600.0,Bachelor,32.0,,31627,12,0.18128060296570755,0,0,0
56,96898.0,Master,23.0,356.0,57550,48,0.274761400584699,0,2,1
31,169369.0,Bachelor,38.0,531.0,49910,12,0.25786056488524434,0,2,0
48,50448.0,Master,33.0,734.0,95417,60,0.49568145956144294,0,4,1
22,46172.0,Master,27.0,683.0,63251,24,0.44028033306941894,0,2,1
52,193946.0,Bachelor,36.0,493.0,40422,36,0.24977815980744864,0,12,1
40,27657.0,PhD,6.0,833.0,16984,24,0.32887190858310666,0,8,1
46,176497.0,High School,3.0,817.0,94312,60,0.14777955197916762,0,0,0
60,177757.0,PhD,36.0,484.0,66386,12,0.5490732224100504,0,3,0
28,132855.0,Bachelor,0.0,591.0,88291,24,0.567712412224267,0,12,1
35,175650.0,PhD,0.0,634.0,12135,60,0.5899017676904691,0,12,0
64,179903.0,Master,19.0,415.0,5320,48,0.5342764153929188,0,9,0
29,27906.0,High School,18.0,348.0,99171,36,0.18698044384811277,0,9,1
26,81413.0,Bachelor,28.0,381.0,26684,24,0.12309824160081442,0,3,0
27,74028.0,Bachelor,9.0,632.0,60913,12,0.389798363706337,0,0,1
61,27287.0,Bachelor,17.0,634.0,93774,48,0.5563025134415552,0,13,0
34,53660.0,High School,27.0,831.0,26889,60,0.18867568082987143,1,1,1
55,80504.0,Master,34.0,520.0,53899,36,0.10352145731207094,0,10,1
24,122979.0,Bachelor,30.0,622.0,15770,12,0.5027480230161222,0,0,1
63,54701.0,PhD,26.0,302.0,44321,60,0.138397842143367,0,5,1
30,103300.0,Bachelor,10.0,505.0,90962,60,0.30685301595501524,0,2,0
57,168746.0,Bachelor,37.0,339.0,46777,24,0.43944366859439254,0,6,0
59,103560.0,Bachelor,4.0,358.0,51250,24,0.21839879272809007,0,4,0
26,174946.0,Bachelor,7.0,806.0,78034,12,0.14198128172336336,0,8,1
67,63642.0,Master,33.0,421.0,45130,60,0.48501061422791436,0,6,0
44,85160.0,PhD,11.0,778.0,86931,24,0.41508754244352075,0,3,0
19,37602.0,Master,37.0,,54346,36,0.5942452422434024,1,4,0
22,123320.0,PhD,0.0,713.0,7537,36,0.2721540166599796,0,4,1
46,108801.0,Bachelor,30.0,534.0,89762,60,0.13088119314509986,0,10,1
54,45931.0,High School,3.0,361.0,20216,24,0.4671750176676479,0,14,0
55,114377.0,Master,4.0,555.0,89149,12,0.3608667094266228,0,4,1
36,49192.0,High School,29.0,647.0,8009,12,0.20660196569456754,0,9,1
25,66542.0,Master,23.0,423.0,94904,12,0.4908644945023797,0,8,0
65,147015.0,Bachelor,2.0,781.0,34327,36,0.20187774292497188,0,9,0
62,62520.0,Master,10.0,616.0,19209,24,0.2303308274164683,0,2,1
18,,Bachelor,3.0,803.0,53443,24,0.14626427718335958,0,5,0
39,,Master,25.0,347.0,20029,36,0.2997161395154272,1,7,1
69,101121.0,Bachelor,26.0,708.0,72613,12,0.30946461196870945,0,10,1
34,,Bachelor,26.0,435.0,84443,12,0.3572808951741492,0,8,0
24,125595.0,PhD,5.0,500.0,61997,60,0.4544821335618887,0,12,0
42,53742.0,Bachelor,14.0,,67559,48,0.5530504643402129,0,14,1
62,89669.0,PhD,29.0,613.0,69892,24,0.16886704944390432,0,6,1
21,172826.0,Bachelor,36.0,667.0,75409,24,0.12717404917432854,0,11,1
53,155044.0,High School,36.0,728.0,13635,24,0.10926561679716665,0,2,1
23,90831.0,Bachelor,36.0,779.0,38065,48,0.17181068903440813,0,0,0
48,132217.0,High School,34.0,613.0,38783,60,0.42897474289081294,0,3,0
36,61873.0,High School,22.0,799.0,39152,48,0.46373853899824835,0,12,1
61,126532.0,Bachelor,5.0,654.0,63741,12,0.49325285676406105,1,5,0
71,146267.0,High School,3.0,784.0,56502,12,0.22185410595217134,0,2,1
56,160975.0,PhD,17.0,510.0,34092,24,0.25294740663076,0,13,1
44,154092.0,Master,8.0,343.0,22653,36,0.3415673227827497,0,0,0
27,61755.0,Bachelor,28.0,840.0,45469,24,0.13159154843011325,1,5,1
43,105956.0,High School,12.0,391.0,91483,36,0.4055707616056231,0,13,0
36,106988.0,Bachelor,16.0,564.0,64754,48,0.5918675168378789,0,0,0
56,65648.0,PhD,31.0,519.0,34978,12,0.2804031556890013,0,8,1
20,,Bachelor,21.0,741.0,92592,36,0.476423737545692,0,10,0
62,160588.0,Bachelor,3.0,700.0,99543,48,0.350016957784804,0,13,1
30,135005.0,High School,4.0,699.0,48169,12,0.16390592218019137,0,11,0
67,22396.0,PhD,36.0,789.0,53287,36,0.39111872440129314,1,0,0
45,104082.0,Master,12.0,784.0,59745,24,0.24993713422203248,0,12,1
37,170201.0,Master,33.0,769.0,10543,24,0.11720160422672912,0,5,1
45,148322.0,High School,21.0,744.0,61392,24,0.4174648650588719,0,0,1
25,152663.0,Bachelor,22.0,568.0,26067,48,0.5294661746623638,0,11,0
58,31303.0,High School,2.0,566.0,56033,24,0.27238488344993705,1,6,0
56,181633.0,High School,33.0,353.0,50256,60,0.2951477736063852,0,2,1
18,91719.0,High School,31.0,827.0,95633,12,0.5455108414836057,0,5,1
20,119616.0,Bachelor,20.0,819.0,74345,48,0.506804406683678,0,6,1
30,144165.0,PhD,20.0,358.0,27191,24,0.4574764117758886,0,0,1
45,106231.0,High School,10.0,339.0,91803,12,0.22439853187657396,0,0,1
74,27314.0,Bachelor,38.0,536.0,77742,36,0.5551083274833223,0,12,1
66,39623.0,PhD,3.0,685.0,91593,24,0.1772078787696065,0,4,0
42,125228.0,High School,0.0,599.0,33992,12,0.41338525970861095,0,5,1
73,184202.0,Master,,,86531,60,0.11440059027325936,0,14,1
50,117624.0,PhD,23.0,506.0,53803,36,0.4218599031624729,0,14,1
55,177364.0,High School,34.0,635.0,68477,60,0.23857217593667993,0,8,1
70,131785.0,PhD,12.0,813.0,18210,12,0.32483848859186004,0,13,1
23,106206.0,PhD,33.0,477.0,88329,60,0.2726322760285266,0,0,1
61,89274.0,PhD,,,31270,12,0.18637837812310495,0,12,1
62,153541.0,PhD,35.0,670.0,67008,12,0.410990395046937,0,3,1
49,73947.0,PhD,16.0,617.0,10197,60,0.5409877775703037,0,9,1
62,173606.0,PhD,34.0,668.0,12452,12,0.5795421211412017,0,7,1
64,68874.0,High School,17.0,683.0,46486,24,0.19617318157695754,0,9,0
38,69708.0,Master,39.0,361.0,19859,12,0.4586863870314867,0,8,1
33,94553.0,Bachelor,21.0,804.0,32236,48,0.4321696833028411,0,14,1
71,88344.0,PhD,23.0,538.0,36899,12,0.2716888947872863,0,12,1
38,69138.0,Bachelor,18.0,494.0,37083,48,0.10954959967686292,0,2,0
28,67638.0,High School,36.0,521.0,72708,12,0.4448956236564331,0,10,0
54,98249.0,PhD,38.0,360.0,21663,12,0.5727474302797501,1,1,0
53,125865.0,Master,20.0,428.0,98076,60,0.41606006095782566,0,3,1
52,22719.0,Bachelor,7.0,455.0,24053,24,0.317646362093817,0,1,1
36,173962.0,PhD,27.0,677.0,16085,24,0.3625769470558142,0,0,1
37,187581.0,High School,4.0,736.0,35564,36,0.19981440382995877,0,11,1
74,62534.0,Master,16.0,506.0,94745,60,0.47527208187686876,0,2,0
35,112241.0,Bachelor,36.0,687.0,64095,60,0.4732099150049245,0,6,0
64,169859.0,Bachelor,35.0,779.0,74517,24,0.17275865019371248,0,12,1
58,146209.0,PhD,,639.0,26153,60,0.5389891912498296,0,12,1
66,199917.0,Master,26.0,639.0,10247,24,0.23459486973665264,0,0,1
31,112124.0,Master,,503.0,15553,60,0.5911280304683074,0,1,1
32,111659.0,Master,10.0,460.0,25811,12,0.2914515070186229,0,0,1
48,184134.0,Master,11.0,839.0,11135,24,0.18894202936724983,0,7,1
18,95713.0,High School,20.0,,10573,24,0.2758600556728261,0,4,0
70,,Master,10.0,833.0,84267,48,0.3200901643485966,0,7,0
71,148232.0,Bachelor,38.0,369.0,12189,60,0.13465388651914742,0,2,1
71,185904.0,Bachelor,27.0,704.0,85077,60,0.38910919061164473,0,12,1
20,183038.0,High School,4.0,816.0,48646,24,0.39881621993445016,0,11,1
33,164059.0,Bachelor,16.0,419.0,81623,12,0.4694652276747361,0,6,1
40,188383.0,Bachelor,19.0,516.0,58687,12,0.11458494614537165,0,7,1
74,51575.0,Master,11.0,355.0,73312,12,0.37061910721691504,0,14,1
28,83852.0,Bachelor,5.0,665.0,32564,60,0.1264537166353322,0,5,1
29,152079.0,High School,16.0,803.0,33835,48,0.45057210998332675,0,12,1
27,96242.0,Master,18.0,754.0,66587,24,0.12786399285049224,0,12,1
49,198589.0,PhD,25.0,403.0,12697,36,0.5558639241708163,0,6,1
33,49257.0,Master,,376.0,85165,48,0.45104128344224825,0,13,0
25,193279.0,High School,5.0,529.0,78922,36,0.3536948825425785,0,11,0
55,164353.0,Master,35.0,557.0,22046,48,0.3207519616405875,0,1,1
29,81246.0,Master,37.0,563.0,62823,12,0.1653363152066312,1,7,0
41,21435.0,High School,10.0,630.0,78580,60,0.24549969478233155,0,4,1
45,111357.0,Master,,481.0,58370,36,0.5344795525104481,0,6,0
70,177732.0,High School,23.0,849.0,14615,48,0.5522264057812469,0,0,1
25,156156.0,High School,22.0,326.0,10060,60,0.10037385418526554,0,4,1
45,,PhD,14.0,575.0,81436,36,0.3970681957387756,0,0,0
53,103807.0,Bachelor,26.0,598.0,65519,24,0.45965030451255684,0,11,0
43,,Bachelor,10.0,390.0,76117,48,0.4093734912288032,0,12,0
25,135953.0,Master,16.0,779.0,66158,24,0.140839882433177,0,7,1
67,,Master,13.0,757.0,39782,12,0.20886244939945112,0,14,0
45,143797.0,PhD,26.0,750.0,90709,24,0.22517013369069303,0,3,1
45,83888.0,PhD,17.0,664.0,83533,24,0.5158623156525448,0,3,0
54,93609.0,PhD,27.0,650.0,63255,48,0.3315997181544602,0,1,1
58,29077.0,High School,3.0,699.0,77684,12,0.3434141059706184,0,4,0
53,40953.0,PhD,6.0,552.0,61918,24,0.5674465232772543,0,0,0
44,134682.0,PhD,34.0,758.0,89284,60,0.41854294442735773,0,8,1
71,87889.0,Master,8.0,798.0,84558,36,0.5493338507763319,0,4,0
34,174893.0,PhD,7.0,807.0,90549,24,0.3282544276707665,0,5,1
26,188639.0,High School,16.0,603.0,86422,12,0.17471812925914712,0,1,1
50,135374.0,High School,16.0,800.0,30256,24,0.5649677970370428,0,9,1
70,44860.0,Master,32.0,465.0,35005,36,0.32935255783376916,0,9,0
37,172267.0,PhD,31.0,714.0,11638,12,0.19081571093941094,0,0,1
30,97475.0,PhD,,761.0,42419,48,0.25119787015196116,0,3,1
45,107266.0,High School,18.0,413.0,38377,12,0.12540129484447113,0,6,0
65,172499.0,PhD,37.0,732.0,48116,48,0.33415029572819255,1,5,1
46,120732.0,PhD,2.0,655.0,41634,12,0.5265640859551183,0,9,0
30,47083.0,PhD,4.0,,87291,36,0.5667902280033447,0,0,0
63,77372.0,Bachelor,12.0,,28382,36,0.5663011037518219,1,0,1
52,143786.0,Master,30.0,741.0,61063,12,0.16261501281437338,0,7,1
23,195136.0,Bachelor,15.0,654.0,27394,24,0.2910269412555285,0,3,1
35,27813.0,Master,31.0,814.0,72789,36,0.11411437982535319,0,4,1
68,51598.0,High School,21.0,507.0,5864,48,0.5275826724857364,0,12,0
22,113106.0,PhD,28.0,424.0,45222,48,0.2793778810106369,0,6,1
64,47082.0,Master,21.0,437.0,18666,60,0.4155585139461174,0,7,0
42,49241.0,Bachelor,2.0,638.0,25955,48,0.45744921903864433,0,14,0
19,195641.0,PhD,9.0,836.0,86845,60,0.3149223348715777,0,9,1
27,31745.0,High School,20.0,367.0,74590,12,0.25322116827512153,0,6,1
73,46029.0,Master,15.0,840.0,71471,12,0.5811064550579723,0,1,1
47,164097.0,Master,11.0,682.0,93314,12,0.5822441125119271,0,13,1
67,143395.0,Master,1.0,,48298,24,0.24471818401501097,0,14,1
62,165360.0,PhD,23.0,,68108,24,0.3398125483722291,0,3,1
22,109186.0,Bachelor,34.0,373.0,53924,60,0.5864220793300112,0,9,0
72,157612.0,Bachelor,29.0,575.0,21709,48,0.10243420382775162,0,11,0
73,117768.0,Master,29.0,347.0,14726,48,0.30633912418957465,0,0,1
50,61846.0,High School,34.0,510.0,65824,12,0.15022877484048422,0,9,1
71,95932.0,High School,18.0,839.0,45542,36,0.3545789827813013,0,8,1
18,168554.0,Bachelor,7.0,490.0,25245,24,0.11233497727024358,0,2,0
35,43411.0,High School,25.0,614.0,39753,24,0.3034492156953139,0,11,0
49,,Bachelor,39.0,412.0,84788,12,0.21034953739266757,0,2,1
64,72307.0,Master,6.0,469.0,26316,24,0.36665418122937043,0,9,1
66,154165.0,Bachelor,29.0,767.0,89698,12,0.5979968245503499,0,8,0
28,42042.0,Bachelor,6.0,313.0,20960,60,0.5002680525633738,0,9,0
38,72930.0,Master,2.0,587.0,35791,48,0.5228210458122107,0,2,0
43,195485.0,High School,0.0,488.0,30216,36,0.4176324936795405,0,7,0
42,117883.0,Bachelor,35.0,454.0,37467,48,0.12077992413612929,0,1,0
39,53756.0,Bachelor,24.0,770.0,69427,48,0.20339883802207206,0,13,1
44,73268.0,Master,36.0,374.0,67047,60,0.5625322782235275,0,12,1
66,190286.0,High School,0.0,576.0,78290,24,0.28305655896437565,0,2,1
30,179674.0,Bachelor,14.0,642.0,52014,36,0.1518183632403978,0,1,1
50,68901.0,Master,36.0,724.0,9078,24,0.45120268293310095,0,0,1
51,119986.0,Bachelor,,810.0,83389,48,0.24972886196712732,0,1,1
58,183268.0,PhD,39.0,481.0,55519,12,0.23442845645208585,0,7,1
52,,Master,7.0,757.0,9042,48,0.5989887277791301,0,8,0
18,25626.0,High School,4.0,363.0,54052,24,0.5290694625133272,1,12,0
38,158496.0,High School,,559.0,19389,48,0.3039689091839205,0,1,1
65,,High School,0.0,492.0,73111,12,0.5901306039082496,0,6,0
72,171054.0,High School,35.0,705.0,98715,60,0.42505661170960685,1,14,1
23,153052.0,Bachelor,34.0,392.0,55733,24,0.4710112259398801,0,4,1
45,199362.0,Bachelor,1.0,,39754,48,0.1157565215411058,0,2,0
34,46431.0,High School,39.0,733.0,23624,24,0.16080262967402856,0,8,0
22,104976.0,High School,22.0,703.0,90886,60,0.4165425632481192,0,14,0
48,102711.0,High School,8.0,733.0,31681,48,0.5495119913247419,0,5,1
22,46385.0,Bachelor,33.0,411.0,94524,48,0.41187186304379786,0,10,0
55,189230.0,High School,13.0,674.0,86006,24,0.1670124471594959,0,0,0
20,174091.0,High School,3.0,358.0,29704,24,0.15788002312316232,0,4,1
70,38639.0,PhD,29.0,342.0,99913,12,0.5220929479120409,0,6,0
40,,PhD,30.0,506.0,99108,60,0.16965116935395716,1,3,0
54,41563.0,High School,37.0,595.0,12493,12,0.36011598025201275,1,7,0
70,190413.0,Master,10.0,417.0,74639,48,0.11855665998115114,0,9,0
54,135672.0,High School,34.0,831.0,59383,24,0.1403348836955887,0,4,1
27,156848.0,PhD,7.0,521.0,7994,48,0.43617413382143244,0,8,1
27,187516.0,Master,2.0,465.0,74280,48,0.4445907052137583,1,8,1
36,159783.0,Master,13.0,455.0,52234,36,0.2707347033042212,0,8,1
34,102970.0,High School,12.0,483.0,52291,36,0.20780488262152239,0,0,1
38,105553.0,PhD,,389.0,97868,48,0.506855135378654,0,1,1
31,181779.0,PhD,,393.0,10594,24,0.20855161473494518,0,2,1
26,190182.0,Master,18.0,312.0,12371,48,0.3710135348331899,0,13,1
63,102879.0,High School,37.0,737.0,52315,36,0.5841044204314527,0,3,1
18,189899.0,Bachelor,15.0,837.0,88564,24,0.1739262189311919,0,9,1
68,156727.0,Bachelor,1.0,449.0,84526,48,0.5704381337473544,0,8,1
62,64859.0,PhD,39.0,307.0,21626,60,0.19144652653433433,0,9,1
30,,Bachelor,16.0,328.0,91005,60,0.3837216040116148,0,12,0
21,166323.0,PhD,33.0,595.0,12130,48,0.28850385597937234,0,5,1
18,142413.0,PhD,15.0,639.0,11828,24,0.5824643007509129,0,0,1
66,20526.0,PhD,37.0,738.0,62514,48,0.23677101450096846,0,11,0
57,88760.0,Bachelor,1.0,443.0,57664,48,0.2998290010428768,0,8,0
49,67837.0,PhD,1.0,818.0,22883,36,0.5914300589277103,0,5,0
51,31536.0,Master,25.0,344.0,48059,60,0.36823519559423656,0,3,1
45,48541.0,High School,12.0,538.0,89078,36,0.3513150578106268,0,13,1
48,99083.0,High School,30.0,454.0,47932,36,0.22888924410199565,0,3,1
25,54531.0,PhD,33.0,480.0,66269,48,0.45068178015522076,0,2,0
56,28712.0,High School,38.0,514.0,80986,36,0.10718647588888883,0,6,1
43,124101.0,Bachelor,2.0,387.0,90959,60,0.12475631485114677,0,2,1
51,85455.0,Bachelor,7.0,555.0,7035,36,0.39967929356790133,0,1,1
71,94744.0,High School,22.0,810.0,45745,60,0.27083728690922704,0,9,1
71,149749.0,Bachelor,13.0,372.0,22241,36,0.5766581861004803,0,7,1
20,25109.0,High School,26.0,478.0,57975,60,0.5515953453613929,0,3,1
67,69268.0,High School,28.0,,28154,36,0.45685312933835365,0,7,0
29,74615.0,High School,38.0,533.0,30625,36,0.5090727905639006,0,0,0
18,102503.0,PhD,38.0,764.0,49950,24,0.4336659248338467,0,14,1
71,180831.0,High School,0.0,522.0,61396,60,0.16279105135508035,0,4,0
61,105708.0,PhD,16.0,563.0,18331,60,0.4827716848446013,0,12,1
22,122471.0,High School,,506.0,68927,60,0.2050959843594232,0,8,1
47,177661.0,High School,12.0,665.0,91226,12,0.2617214275500984,0,0,1
47,181087.0,High School,20.0,,89719,36,0.5096171060512101,0,10,1
74,180081.0,Bachelor,18.0,679.0,68014,60,0.3682628041967241,0,12,1
34,103309.0,PhD,18.0,608.0,44346,12,0.5299703570917046,0,3,0
65,146446.0,PhD,24.0,567.0,75411,24,0.2065176599216321,0,5,1
64,126661.0,High School,21.0,363.0,59478,60,0.40388921930344357,0,9,0
40,177215.0,High School,30.0,649.0,17254,60,0.14189548627413082,0,7,1
32,26154.0,Bachelor,16.0,793.0,60734,12,0.42153049677001486,0,13,0
54,172876.0,Bachelor,22.0,822.0,33621,36,0.48126701888776735,0,2,1
38,192760.0,Bachelor,,397.0,81441,24,0.3924654469893608,0,4,1
31,84288.0,PhD,9.0,370.0,51121,60,0.23311575074940513,0,6,1
19,71195.0,PhD,9.0,663.0,86418,36,0.11567133442943336,0,0,1
28,40581.0,PhD,35.0,575.0,65197,24,0.1597244419821429,0,14,1
68,50087.0,High School,7.0,349.0,89577,48,0.4111514895370131,0,6,1
56,184053.0,PhD,19.0,657.0,99634,48,0.5672101084212569,0,12,1
55,89298.0,Master,31.0,784.0,47431,24,0.2032672019860032,0,11,1
51,66167.0,Master,13.0,383.0,9837,12,0.4675130745525494,0,10,0
55,194480.0,Bachelor,27.0,595.0,95025,24,0.5332255316245208,0,7,0
67,59499.0,PhD,23.0,535.0,88163,24,0.3604410892237555,1,7,1
51,145816.0,Master,14.0,355.0,76232,12,0.4346328979218289,0,8,1
35,189631.0,Bachelor,21.0,659.0,53994,12,0.5075076583380741,0,5,1
47,116347.0,PhD,29.0,409.0,84079,36,0.2303375788702968,0,11,1
32,68787.0,High School,3.0,,17615,36,0.2484478371340215,0,5,1
44,55488.0,Master,12.0,392.0,6466,12,0.10031375831422809,0,1,1
68,94441.0,High School,22.0,359.0,35771,48,0.5815470654489012,0,2,0
51,42431.0,PhD,7.0,,88886,48,0.5587724472981724,0,3,0
69,81681.0,Master,17.0,839.0,70911,24,0.4822841318797152,0,3,1
74,142720.0,PhD,11.0,348.0,25746,60,0.13953801048832407,0,7,1
55,69153.0,High School,30.0,719.0,93422,24,0.32375144484975404,0,13,1
50,26368.0,Master,13.0,312.0,65739,24,0.1509458769857764,0,0,1
41,178496.0,High School,,335.0,78369,60,0.10796013363139931,0,9,1
32,132360.0,PhD,17.0,400.0,6893,12,0.4080914826062987,0,13,1
47,196076.0,PhD,33.0,385.0,35573,48,0.5804147085400942,0,3,1
72,132755.0,High School,10.0,815.0,45874,24,0.5514340117160751,0,10,0
59,76985.0,Master,11.0,522.0,82362,60,0.44837740746770216,0,11,0
68,70069.0,High School,14.0,637.0,92460,36,0.14832029208243572,0,12,1
34,72326.0,PhD,30.0,465.0,38367,24,0.23708201883615007,0,10,1
22,128737.0,High School,28.0,682.0,26199,48,0.26002836344264546,1,10,1
46,174470.0,PhD,25.0,675.0,96404,12,0.4815750288727806,1,3,0
21,70861.0,High School,17.0,770.0,79328,24,0.501124589617557,0,0,0
27,95897.0,Master,31.0,330.0,62724,24,0.2925530614949602,0,2,1
73,147118.0,Master,21.0,674.0,91133,60,0.30894199830880487,0,4,1
34,88577.0,High School,37.0,310.0,41405,36,0.12225451963808567,0,5,1
27,29078.0,High School,16.0,601.0,20989,36,0.2445683592093805,0,8,0
34,176075.0,Master,22.0,395.0,33931,12,0.32564258858882,0,8,1
37,82768.0,PhD,23.0,489.0,14290,48,0.1584915231926288,1,8,1
41,71047.0,Master,7.0,752.0,43367,12,0.32663373037751064,0,10,1
22,91626.0,PhD,,,84878,24,0.5265879061289002,0,0,0
51,,High School,4.0,785.0,95477,24,0.39066050986252665,0,11,0
23,152997.0,High School,28.0,565.0,84481,36,0.13946492751920617,0,8,1
